Start time,End time,Location,Type,Place,Activity,Duration (Minutes),Anomaly
28/11/2011 02:27,28/11/2011 10:18,Bed,Pressure,Bedroom,Sleeping,471,0
28/11/2011 10:21,28/11/2011 10:21,Cabinet,Magnetic,Bathroom,Toileting,0,0
28/11/2011 10:21,28/11/2011 10:23,Basin,PIR,Bathroom,Toileting,2,0
28/11/2011 10:23,28/11/2011 10:23,Toilet,Flush,Bathroom,Toileting,0,0
28/11/2011 10:25,28/11/2011 10:32,Shower,PIR,Bathroom,Showering,7,0
28/11/2011 10:34,28/11/2011 10:34,Fridge,Magnetic,Kitchen,Breakfast,0,0
28/11/2011 10:34,28/11/2011 10:37,Cupboard,Magnetic,Kitchen,Breakfast,3,0
28/11/2011 10:38,28/11/2011 10:42,Toaster,Electric,Kitchen,Breakfast,4,0
28/11/2011 10:38,28/11/2011 10:38,Fridge,Magnetic,Kitchen,Breakfast,0,0
28/11/2011 10:41,28/11/2011 10:41,Cupboard,Magnetic,Kitchen,Breakfast,0,0
28/11/2011 10:41,28/11/2011 10:41,Cooktop,PIR,Kitchen,Breakfast,0,0
28/11/2011 10:41,28/11/2011 10:42,Microwave,Electric,Kitchen,Breakfast,1,0
28/11/2011 10:49,28/11/2011 10:51,Basin,PIR,Bathroom,Grooming,2,0
28/11/2011 10:51,28/11/2011 13:05,Seat,Pressure,Living,Spare_Time/TV,134,0
28/11/2011 13:06,28/11/2011 13:06,Basin,PIR,Bathroom,Toileting,0,0
28/11/2011 13:06,28/11/2011 13:06,Toilet,Flush,Bathroom,Toileting,0,0
28/11/2011 13:09,28/11/2011 13:09,Maindoor,Magnetic,Entrance,Leaving,0,0
28/11/2011 13:28,28/11/2011 13:29,Maindoor,Magnetic,Entrance,Leaving,1,0
28/11/2011 13:32,28/11/2011 14:21,Seat,Pressure,Living,Spare_Time/TV,49,0
28/11/2011 14:26,28/11/2011 14:27,Toilet,Flush,Bathroom,Toileting,1,0
28/11/2011 14:27,28/11/2011 14:28,Fridge,Magnetic,Kitchen,Lunch,1,0
28/11/2011 14:28,28/11/2011 14:28,Cupboard,Magnetic,Kitchen,Lunch,0,0
28/11/2011 14:31,28/11/2011 14:41,Cooktop,PIR,Kitchen,Lunch,10,0
28/11/2011 14:31,28/11/2011 14:31,Cupboard,Magnetic,Kitchen,Lunch,0,0
28/11/2011 14:35,28/11/2011 14:35,Fridge,Magnetic,Kitchen,Lunch,0,0
28/11/2011 15:04,28/11/2011 15:06,Basin,PIR,Bathroom,Grooming,2,0
28/11/2011 15:07,28/11/2011 16:09,Seat,Pressure,Living,Spare_Time/TV,62,0
28/11/2011 16:10,28/11/2011 16:10,Basin,PIR,Bathroom,Toileting,0,0
28/11/2011 16:10,28/11/2011 20:19,Seat,Pressure,Living,Spare_Time/TV,249,0
28/11/2011 20:20,28/11/2011 20:40,Cooktop,PIR,Kitchen,Dinner,20,0
28/11/2011 20:45,29/11/2011 02:06,Seat,Pressure,Living,Spare_Time/TV,321,0
29/11/2011 02:16,29/11/2011 11:31,Bed,Pressure,Bedroom,Sleeping,555,0
29/11/2011 11:37,29/11/2011 11:37,Toilet,Flush,Bathroom,Toileting,0,0
29/11/2011 11:37,29/11/2011 11:48,Basin,PIR,Bathroom,Grooming,11,0
29/11/2011 11:38,29/11/2011 11:38,Cabinet,Magnetic,Bathroom,Grooming,0,0
29/11/2011 11:48,29/11/2011 11:48,Cabinet,Magnetic,Bathroom,Grooming,0,0
29/11/2011 11:49,29/11/2011 11:51,Shower,PIR,Bathroom,Showering,2,0
29/11/2011 12:08,29/11/2011 12:09,Cupboard,Magnetic,Kitchen,Breakfast,1,0
29/11/2011 12:09,29/11/2011 12:13,Toaster,Electric,Kitchen,Breakfast,4,0
29/11/2011 12:09,29/11/2011 12:09,Fridge,Magnetic,Kitchen,Breakfast,0,0
29/11/2011 12:09,29/11/2011 12:10,Microwave,Electric,Kitchen,Breakfast,1,0
29/11/2011 12:19,29/11/2011 12:19,Cabinet,Magnetic,Bathroom,Grooming,0,0
29/11/2011 12:19,29/11/2011 12:21,Basin,PIR,Bathroom,Grooming,2,0
29/11/2011 12:21,29/11/2011 12:21,Toilet,Flush,Bathroom,Grooming,0,0
29/11/2011 12:22,29/11/2011 13:25,Seat,Pressure,Living,Spare_Time/TV,63,0
29/11/2011 13:25,29/11/2011 13:25,Fridge,Magnetic,Kitchen,Snack,0,0
29/11/2011 13:25,29/11/2011 15:12,Seat,Pressure,Living,Spare_Time/TV,107,0
29/11/2011 15:13,29/11/2011 15:13,Toilet,Flush,Bathroom,Toileting,0,0
29/11/2011 15:13,29/11/2011 15:13,Basin,PIR,Bathroom,Toileting,0,0
29/11/2011 15:14,29/11/2011 15:15,Cupboard,Magnetic,Kitchen,Lunch,1,0
29/11/2011 15:15,29/11/2011 15:36,Cooktop,PIR,Kitchen,Lunch,21,0
29/11/2011 15:15,29/11/2011 15:22,Microwave,Electric,Kitchen,Lunch,7,0
29/11/2011 15:15,29/11/2011 15:16,Cupboard,Magnetic,Kitchen,Lunch,1,0
29/11/2011 15:24,29/11/2011 15:24,Fridge,Magnetic,Kitchen,Lunch,0,0
29/11/2011 15:24,29/11/2011 15:24,Cupboard,Magnetic,Kitchen,Lunch,0,0
29/11/2011 15:45,29/11/2011 15:45,Fridge,Magnetic,Kitchen,Lunch,0,0
29/11/2011 15:49,29/11/2011 15:50,Basin,PIR,Bathroom,Grooming,1,0
29/11/2011 15:52,29/11/2011 16:17,Seat,Pressure,Living,Spare_Time/TV,25,0
29/11/2011 16:31,29/11/2011 16:31,Toilet,Flush,Bathroom,Toileting,0,0
29/11/2011 16:34,29/11/2011 17:08,Seat,Pressure,Living,Spare_Time/TV,34,0
29/11/2011 17:08,29/11/2011 17:09,Basin,PIR,Bathroom,Toileting,1,0
29/11/2011 17:09,29/11/2011 17:09,Toilet,Flush,Bathroom,Toileting,0,0
29/11/2011 17:09,29/11/2011 18:57,Seat,Pressure,Living,Spare_Time/TV,108,0
29/11/2011 19:02,29/11/2011 19:02,Maindoor,Magnetic,Entrance,Leaving,0,0
29/11/2011 20:23,29/11/2011 20:23,Maindoor,Magnetic,Entrance,Leaving,0,0
29/11/2011 20:28,30/11/2011 01:19,Seat,Pressure,Living,Spare_Time/TV,291,0
30/11/2011 01:22,30/11/2011 10:07,Bed,Pressure,Bedroom,Sleeping,525,0
30/11/2011 10:14,30/11/2011 10:14,Toilet,Flush,Bathroom,Toileting,0,0
30/11/2011 10:14,30/11/2011 10:18,Shower,PIR,Bathroom,Showering,4,0
30/11/2011 10:23,30/11/2011 10:23,Cupboard,Magnetic,Kitchen,Breakfast,0,0
30/11/2011 10:23,30/11/2011 10:23,Fridge,Magnetic,Kitchen,Breakfast,0,0
30/11/2011 10:23,30/11/2011 10:28,Microwave,Electric,Kitchen,Breakfast,5,0
30/11/2011 10:24,30/11/2011 10:27,Toaster,Electric,Kitchen,Breakfast,3,0
30/11/2011 10:39,30/11/2011 10:41,Basin,PIR,Bathroom,Grooming,2,0
30/11/2011 10:39,30/11/2011 10:39,Cabinet,Magnetic,Bathroom,Grooming,0,0
30/11/2011 10:41,30/11/2011 13:05,Seat,Pressure,Living,Spare_Time/TV,144,0
30/11/2011 13:05,30/11/2011 13:05,Fridge,Magnetic,Kitchen,Snack,0,0
30/11/2011 13:05,30/11/2011 14:09,Seat,Pressure,Living,Spare_Time/TV,64,0
30/11/2011 14:11,30/11/2011 14:11,Toilet,Flush,Bathroom,Toileting,0,0
30/11/2011 14:11,30/11/2011 14:11,Basin,PIR,Bathroom,Toileting,0,0
30/11/2011 14:13,30/11/2011 14:34,Seat,Pressure,Living,Spare_Time/TV,21,0
30/11/2011 14:39,30/11/2011 14:55,Cooktop,PIR,Kitchen,Lunch,16,0
30/11/2011 14:40,30/11/2011 14:40,Cupboard,Magnetic,Kitchen,Lunch,0,0
30/11/2011 14:41,30/11/2011 14:42,Fridge,Magnetic,Kitchen,Lunch,1,0
30/11/2011 14:46,30/11/2011 14:46,Fridge,Magnetic,Kitchen,Lunch,0,0
30/11/2011 14:50,30/11/2011 14:50,Fridge,Magnetic,Kitchen,Lunch,0,0
30/11/2011 15:11,30/11/2011 16:39,Seat,Pressure,Living,Spare_Time/TV,88,0
30/11/2011 16:40,30/11/2011 16:40,Toilet,Flush,Bathroom,Toileting,0,0
30/11/2011 16:40,30/11/2011 16:40,Basin,PIR,Bathroom,Toileting,0,0
30/11/2011 16:41,30/11/2011 16:41,Fridge,Magnetic,Kitchen,Snack,0,0
30/11/2011 16:41,30/11/2011 18:00,Seat,Pressure,Living,Spare_Time/TV,79,0
30/11/2011 18:01,30/11/2011 18:01,Basin,PIR,Bathroom,Toileting,0,0
30/11/2011 18:01,30/11/2011 18:02,Toilet,Flush,Bathroom,Toileting,1,0
30/11/2011 18:01,30/11/2011 18:43,Seat,Pressure,Living,Spare_Time/TV,42,0
30/11/2011 18:57,30/11/2011 18:57,Toilet,Flush,Bathroom,Toileting,0,0
30/11/2011 18:57,30/11/2011 19:37,Seat,Pressure,Living,Spare_Time/TV,40,0
30/11/2011 19:37,30/11/2011 19:38,Toilet,Flush,Bathroom,Toileting,1,0
30/11/2011 19:37,30/11/2011 19:37,Basin,PIR,Bathroom,Toileting,0,0
30/11/2011 19:46,30/11/2011 19:46,Maindoor,Magnetic,Entrance,Leaving,0,0
30/11/2011 20:05,30/11/2011 20:05,Maindoor,Magnetic,Entrance,Leaving,0,0
30/11/2011 20:08,30/11/2011 20:08,Seat,Pressure,Living,Spare_Time/TV,0,0
30/11/2011 20:09,30/11/2011 20:22,Cooktop,PIR,Kitchen,Dinner,13,0
30/11/2011 20:24,01/12/2011 01:34,Seat,Pressure,Living,Spare_Time/TV,310,0
01/12/2011 01:37,01/12/2011 10:50,Bed,Pressure,Bedroom,Sleeping,553,0
01/12/2011 10:55,01/12/2011 10:55,Toilet,Flush,Bathroom,Grooming,0,0
01/12/2011 10:55,01/12/2011 10:55,Cabinet,Magnetic,Bathroom,Grooming,0,0
01/12/2011 10:55,01/12/2011 10:55,Basin,PIR,Bathroom,Grooming,0,0
01/12/2011 10:58,01/12/2011 11:12,Shower,PIR,Bathroom,Showering,14,0
01/12/2011 11:17,01/12/2011 11:19,Toaster,Electric,Kitchen,Breakfast,2,0
01/12/2011 11:17,01/12/2011 11:17,Cupboard,Magnetic,Kitchen,Breakfast,0,0
01/12/2011 11:17,01/12/2011 11:17,Fridge,Magnetic,Kitchen,Breakfast,0,0
01/12/2011 11:17,01/12/2011 11:19,Microwave,Electric,Kitchen,Breakfast,2,0
01/12/2011 11:30,01/12/2011 14:29,Seat,Pressure,Living,Spare_Time/TV,179,0
01/12/2011 14:08,01/12/2011 14:08,Basin,PIR,Bathroom,Grooming,0,0
01/12/2011 14:29,01/12/2011 14:52,Cooktop,PIR,Kitchen,Lunch,23,0
01/12/2011 14:29,01/12/2011 14:36,Microwave,Electric,Kitchen,Lunch,7,0
01/12/2011 14:38,01/12/2011 14:38,Fridge,Magnetic,Kitchen,Lunch,0,0
01/12/2011 14:49,01/12/2011 14:49,Fridge,Magnetic,Kitchen,Lunch,0,0
01/12/2011 15:09,01/12/2011 16:26,Seat,Pressure,Living,Spare_Time/TV,77,0
01/12/2011 16:26,01/12/2011 16:27,Toilet,Flush,Bathroom,Toileting,1,0
01/12/2011 16:26,01/12/2011 17:27,Basin,PIR,Bathroom,Toileting,61,0
01/12/2011 17:29,01/12/2011 17:29,Maindoor,Magnetic,Entrance,Leaving,0,0
01/12/2011 18:49,01/12/2011 18:49,Maindoor,Magnetic,Entrance,Leaving,0,0
01/12/2011 18:54,01/12/2011 18:59,Cooktop,PIR,Kitchen,Dinner,5,0
01/12/2011 19:00,01/12/2011 19:10,Seat,Pressure,Living,Spare_Time/TV,10,0
01/12/2011 19:28,01/12/2011 19:29,Toilet,Flush,Bathroom,Toileting,1,0
01/12/2011 19:29,01/12/2011 23:52,Seat,Pressure,Living,Spare_Time/TV,263,0
01/12/2011 23:53,01/12/2011 23:53,Basin,PIR,Bathroom,Grooming,0,0
01/12/2011 23:54,02/12/2011 01:18,Seat,Pressure,Living,Spare_Time/TV,84,0
02/12/2011 01:18,02/12/2011 01:18,Basin,PIR,Bathroom,Grooming,0,0
02/12/2011 01:19,02/12/2011 02:08,Seat,Pressure,Living,Spare_Time/TV,49,0
02/12/2011 02:09,02/12/2011 02:13,Basin,PIR,Bathroom,Grooming,4,0
02/12/2011 02:15,02/12/2011 12:15,Bed,Pressure,Bedroom,Sleeping,600,0
02/12/2011 12:20,02/12/2011 12:21,Toilet,Flush,Bathroom,Grooming,1,0
02/12/2011 12:20,02/12/2011 12:20,Basin,PIR,Bathroom,Grooming,0,0
02/12/2011 12:21,02/12/2011 12:21,Cabinet,Magnetic,Bathroom,Grooming,0,0
02/12/2011 12:21,02/12/2011 12:25,Shower,PIR,Bathroom,Showering,4,0
02/12/2011 12:27,02/12/2011 12:28,Cupboard,Magnetic,Kitchen,Breakfast,1,0
02/12/2011 12:28,02/12/2011 12:29,Fridge,Magnetic,Kitchen,Breakfast,1,0
02/12/2011 12:29,02/12/2011 12:31,Toaster,Electric,Kitchen,Breakfast,2,0
02/12/2011 12:29,02/12/2011 12:31,Microwave,Electric,Kitchen,Breakfast,2,0
02/12/2011 12:37,02/12/2011 14:46,Seat,Pressure,Living,Spare_Time/TV,129,0
02/12/2011 14:46,02/12/2011 14:47,Fridge,Magnetic,Kitchen,Breakfast,1,0
02/12/2011 14:47,02/12/2011 15:05,Cooktop,PIR,Kitchen,Breakfast,18,0
02/12/2011 14:47,02/12/2011 14:50,Microwave,Electric,Kitchen,Breakfast,3,0
02/12/2011 14:56,02/12/2011 14:56,Fridge,Magnetic,Kitchen,Breakfast,0,0
02/12/2011 14:59,02/12/2011 14:59,Fridge,Magnetic,Kitchen,Breakfast,0,0
02/12/2011 15:24,02/12/2011 15:55,Seat,Pressure,Living,Spare_Time/TV,31,0
02/12/2011 15:56,02/12/2011 15:57,Basin,PIR,Bathroom,Grooming,1,0
02/12/2011 15:57,02/12/2011 16:36,Seat,Pressure,Living,Spare_Time/TV,39,0
02/12/2011 16:47,02/12/2011 16:47,Toilet,Flush,Bathroom,Grooming,0,0
02/12/2011 16:47,02/12/2011 19:39,Seat,Pressure,Living,Spare_Time/TV,172,0
02/12/2011 19:40,02/12/2011 20:10,Cooktop,PIR,Kitchen,Dinner,30,0
02/12/2011 20:21,02/12/2011 21:26,Seat,Pressure,Living,Spare_Time/TV,65,0
02/12/2011 21:44,02/12/2011 21:45,Toilet,Flush,Bathroom,Toileting,1,0
02/12/2011 21:46,03/12/2011 01:41,Seat,Pressure,Living,Spare_Time/TV,235,0
03/12/2011 01:47,03/12/2011 11:40,Bed,Pressure,Bedroom,Sleeping,609,0
03/12/2011 11:47,03/12/2011 11:58,Toilet,Flush,Bathroom,Toileting,11,0
03/12/2011 11:59,03/12/2011 11:59,Cabinet,Magnetic,Bathroom,Grooming,2,0
03/12/2011 11:59,03/12/2011 12:01,Basin,PIR,Bathroom,Grooming,2,0
03/12/2011 12:03,03/12/2011 12:06,Shower,PIR,Bathroom,Showering,3,0
03/12/2011 12:10,03/12/2011 12:13,Toaster,Electric,Kitchen,Breakfast,3,0
03/12/2011 12:10,03/12/2011 12:10,Cupboard,Magnetic,Kitchen,Breakfast,0,0
03/12/2011 12:10,03/12/2011 12:11,Fridge,Magnetic,Kitchen,Breakfast,1,0
03/12/2011 12:11,03/12/2011 12:13,Microwave,Electric,Kitchen,Breakfast,2,0
03/12/2011 12:21,03/12/2011 13:28,Seat,Pressure,Living,Spare_Time/TV,67,0
03/12/2011 13:29,03/12/2011 13:29,Basin,PIR,Bathroom,Grooming,0,0
03/12/2011 13:29,03/12/2011 14:01,Seat,Pressure,Living,Spare_Time/TV,32,0
03/12/2011 14:11,03/12/2011 14:14,Basin,PIR,Bathroom,Grooming,3,0
03/12/2011 14:18,03/12/2011 14:18,Maindoor,Magnetic,Entrance,Leaving,0,0
03/12/2011 17:48,03/12/2011 17:48,Maindoor,Magnetic,Entrance,Leaving,0,0
03/12/2011 17:50,03/12/2011 20:37,Seat,Pressure,Living,Spare_Time/TV,167,0
03/12/2011 20:37,03/12/2011 20:55,Cooktop,PIR,Kitchen,Dinner,18,0
03/12/2011 20:38,03/12/2011 23:53,Seat,Pressure,Living,Spare_Time/TV,195,0
03/12/2011 23:54,03/12/2011 23:55,Toilet,Flush,Bathroom,Toileting,1,0
03/12/2011 23:55,04/12/2011 03:16,Seat,Pressure,Living,Spare_Time/TV,201,0
04/12/2011 03:19,04/12/2011 12:37,Bed,Pressure,Bedroom,Sleeping,558,0
04/12/2011 12:45,04/12/2011 12:46,Toilet,Flush,Bathroom,Toileting,1,0
04/12/2011 12:46,04/12/2011 12:46,Cabinet,Magnetic,Bathroom,Grooming,0,0
04/12/2011 12:46,04/12/2011 12:47,Basin,PIR,Bathroom,Grooming,1,0
04/12/2011 12:50,04/12/2011 12:54,Shower,PIR,Bathroom,Showering,4,0
04/12/2011 12:56,04/12/2011 12:56,Fridge,Magnetic,Kitchen,Breakfast,0,0
04/12/2011 12:56,04/12/2011 12:56,Cupboard,Magnetic,Kitchen,Breakfast,0,0
04/12/2011 12:56,04/12/2011 12:58,Microwave,Electric,Kitchen,Breakfast,2,0
04/12/2011 13:00,04/12/2011 13:58,Seat,Pressure,Living,Spare_Time/TV,58,0
04/12/2011 14:03,04/12/2011 14:04,Toilet,Flush,Bathroom,Toileting,1,0
04/12/2011 16:30,04/12/2011 16:31,Maindoor,Magnetic,Entrance,Leaving,1,0
04/12/2011 16:34,04/12/2011 17:25,Seat,Pressure,Living,Spare_Time/TV,51,0
04/12/2011 17:27,04/12/2011 17:27,Fridge,Magnetic,Kitchen,Snack,0,0
04/12/2011 17:27,04/12/2011 17:43,Seat,Pressure,Living,Spare_Time/TV,16,0
04/12/2011 17:45,04/12/2011 17:45,Basin,PIR,Bathroom,Grooming,0,0
04/12/2011 18:08,04/12/2011 18:57,Seat,Pressure,Living,Spare_Time/TV,49,0
04/12/2011 18:59,04/12/2011 19:29,Cooktop,PIR,Kitchen,Dinner,30,0
04/12/2011 19:35,04/12/2011 19:40,Basin,PIR,Bathroom,Grooming,5,0
04/12/2011 19:50,04/12/2011 21:50,Seat,Pressure,Living,Spare_Time/TV,120,0
04/12/2011 21:52,05/12/2011 21:58,Toilet,Flush,Bathroom,Toileting,6,0
04/12/2011 22:00,04/12/2011 01:00,Seat,Pressure,Living,Spare_Time/TV,180,0
05/12/2011 01:05,05/12/2011 10:50,Bed,Pressure,Bedroom,Sleeping,585,0
05/12/2011 11:00,05/12/2011 11:50,Seat,Pressure,Living,Spare_Time/TV,50,0
05/12/2011 11:53,05/12/2011 11:53,Toilet,Flush,Bathroom,Toileting,0,0
05/12/2011 11:57,05/12/2011 11:57,Basin,PIR,Bathroom,Grooming,0,0
05/12/2011 12:10,05/12/2011 12:14,Seat,Pressure,Living,Spare_Time/TV,4,0
05/12/2011 12:14,05/12/2011 12:14,Cupboard,Magnetic,Kitchen,Breakfast,0,0
05/12/2011 12:14,05/12/2011 12:15,Fridge,Magnetic,Kitchen,Breakfast,1,0
05/12/2011 12:15,05/12/2011 12:17,Microwave,Electric,Kitchen,Breakfast,2,0
05/12/2011 12:16,05/12/2011 12:16,Fridge,Magnetic,Kitchen,Breakfast,0,0
05/12/2011 12:26,05/12/2011 14:26,Seat,Pressure,Living,Spare_Time/TV,120,0
05/12/2011 14:38,05/12/2011 14:38,Maindoor,Magnetic,Entrance,Leaving,0,0
05/12/2011 14:55,05/12/2011 14:55,Maindoor,Magnetic,Entrance,Leaving,0,0
05/12/2011 14:57,05/12/2011 15:00,Fridge,Magnetic,Kitchen,Lunch,3,0
05/12/2011 15:00,05/12/2011 15:00,Cupboard,Magnetic,Kitchen,Lunch,0,0
05/12/2011 15:00,05/12/2011 15:21,Cooktop,PIR,Kitchen,Lunch,21,0
05/12/2011 15:00,05/12/2011 15:13,Microwave,Electric,Kitchen,Lunch,13,0
05/12/2011 15:11,05/12/2011 15:11,Fridge,Magnetic,Kitchen,Lunch,0,0
05/12/2011 15:15,05/12/2011 15:15,Fridge,Magnetic,Kitchen,Lunch,0,0
05/12/2011 15:18,05/12/2011 15:18,Fridge,Magnetic,Kitchen,Lunch,0,0
05/12/2011 15:33,05/12/2011 15:33,Fridge,Magnetic,Kitchen,Lunch,0,0
05/12/2011 15:33,05/12/2011 15:33,Cupboard,Magnetic,Kitchen,Lunch,0,0
05/12/2011 15:42,05/12/2011 15:44,Basin,PIR,Bathroom,Grooming,2,0
05/12/2011 15:44,05/12/2011 15:45,Toilet,Flush,Bathroom,Grooming,1,0
05/12/2011 15:44,05/12/2011 16:02,Seat,Pressure,Living,Spare_Time/TV,18,0
05/12/2011 16:36,05/12/2011 16:37,Toilet,Flush,Bathroom,Toileting,1,0
05/12/2011 16:37,05/12/2011 17:14,Seat,Pressure,Living,Spare_Time/TV,37,0
05/12/2011 17:17,05/12/2011 17:17,Maindoor,Magnetic,Entrance,Leaving,0,0
05/12/2011 18:57,05/12/2011 18:57,Maindoor,Magnetic,Entrance,Leaving,0,0
05/12/2011 19:01,05/12/2011 19:24,Seat,Pressure,Living,Spare_Time/TV,23,0
05/12/2011 19:24,05/12/2011 19:44,Cooktop,PIR,Kitchen,Dinner,20,0
05/12/2011 19:45,05/12/2011 20:07,Seat,Pressure,Living,Spare_Time/TV,22,0
05/12/2011 20:07,05/12/2011 20:07,Basin,PIR,Bathroom,Grooming,0,0
05/12/2011 20:08,05/12/2011 20:09,Toilet,Flush,Bathroom,Toileting,1,0
05/12/2011 20:20,05/12/2011 21:06,Seat,Pressure,Living,Toileting,46,0
05/12/2011 21:06,05/12/2011 21:06,Basin,PIR,Bathroom,Grooming,0,0
05/12/2011 21:06,05/12/2011 21:07,Toilet,Flush,Bathroom,Toileting,1,0
05/12/2011 21:06,05/12/2011 21:07,Basin,PIR,Bathroom,Grooming,1,0
05/12/2011 21:07,06/12/2011 00:38,Seat,Pressure,Living,Spare_Time/TV,211,0
06/12/2011 00:39,06/12/2011 00:40,Toilet,Flush,Bathroom,Toileting,1,0
06/12/2011 00:40,06/12/2011 00:40,Basin,PIR,Bathroom,Toileting,0,0
06/12/2011 00:42,06/12/2011 10:07,Bed,Pressure,Bedroom,Sleeping,565,0
06/12/2011 11:08,06/12/2011 11:09,Toilet,Flush,Bathroom,Toileting,1,0
06/12/2011 11:09,06/12/2011 11:09,Basin,PIR,Bathroom,Grooming,0,0
06/12/2011 11:10,06/12/2011 11:10,Cabinet,Magnetic,Bathroom,Grooming,0,0
06/12/2011 11:10,06/12/2011 11:11,Basin,PIR,Bathroom,Grooming,1,0
06/12/2011 11:12,06/12/2011 11:25,Shower,PIR,Bathroom,Showering,13,0
06/12/2011 11:30,06/12/2011 11:33,Toaster,Electric,Kitchen,Breakfast,3,0
06/12/2011 11:30,06/12/2011 11:30,Cupboard,Magnetic,Kitchen,Breakfast,0,0
06/12/2011 11:30,06/12/2011 11:31,Fridge,Magnetic,Kitchen,Breakfast,1,0
06/12/2011 11:31,06/12/2011 11:32,Microwave,Electric,Kitchen,Breakfast,1,0
06/12/2011 11:39,06/12/2011 14:37,Seat,Pressure,Living,Spare_Time/TV,178,0
06/12/2011 14:40,06/12/2011 14:41,Cupboard,Magnetic,Kitchen,Lunch,1,0
06/12/2011 14:41,06/12/2011 15:00,Cooktop,PIR,Kitchen,Lunch,19,0
06/12/2011 14:41,06/12/2011 14:51,Microwave,Electric,Kitchen,Lunch,10,0
06/12/2011 14:48,06/12/2011 14:48,Fridge,Magnetic,Kitchen,Lunch,0,0
06/12/2011 14:52,06/12/2011 14:52,Fridge,Magnetic,Kitchen,Lunch,0,0
06/12/2011 14:56,06/12/2011 14:56,Fridge,Magnetic,Kitchen,Lunch,0,0
06/12/2011 15:17,06/12/2011 15:18,Seat,Pressure,Living,Spare_Time/TV,1,0
06/12/2011 15:21,06/12/2011 17:11,Seat,Pressure,Living,Spare_Time/TV,110,0
06/12/2011 17:18,06/12/2011 17:18,Toilet,Flush,Bathroom,Grooming,0,0
06/12/2011 17:19,06/12/2011 17:19,Basin,PIR,Bathroom,Grooming,0,0
06/12/2011 17:19,06/12/2011 18:06,Seat,Pressure,Living,Spare_Time/TV,47,0
06/12/2011 18:07,06/12/2011 18:07,Basin,PIR,Bathroom,Grooming,0,0
06/12/2011 18:07,06/12/2011 19:22,Seat,Pressure,Kitchen,Spare_Time/TV,75,0
06/12/2011 19:22,06/12/2011 19:35,Cooktop,PIR,Kitchen,Dinner,13,0
06/12/2011 19:40,07/12/2011 00:07,Seat,Pressure,Living,Spare_Time/TV,267,0
07/12/2011 00:07,07/12/2011 00:07,Basin,PIR,Bathroom,Grooming,0,0
07/12/2011 00:08,07/12/2011 00:54,Seat,Pressure,Living,Spare_Time/TV,46,0
07/12/2011 00:57,07/12/2011 00:57,Toilet,Flush,Bathroom,Toileting,0,0
07/12/2011 00:59,07/12/2011 10:45,Bed,Pressure,Bedroom,Sleeping,586,0
07/12/2011 10:49,07/12/2011 10:49,Toilet,Flush,Bathroom,Toileting,0,0
07/12/2011 10:50,07/12/2011 10:50,Cabinet,Magnetic,Bathroom,Grooming,0,0
07/12/2011 10:50,07/12/2011 11:04,Basin,PIR,Bathroom,Grooming,14,0
07/12/2011 11:04,07/12/2011 11:04,Cabinet,Magnetic,Bathroom,Grooming,0,0
07/12/2011 11:05,07/12/2011 11:11,Shower,PIR,Bathroom,Showering,6,0
07/12/2011 11:12,07/12/2011 11:15,Toaster,Electric,Kitchen,Breakfast,3,0
07/12/2011 11:12,07/12/2011 11:12,Cupboard,Magnetic,Kitchen,Breakfast,0,0
07/12/2011 11:12,07/12/2011 11:13,Fridge,Magnetic,Kitchen,Breakfast,1,0
07/12/2011 11:13,07/12/2011 11:17,Microwave,Electric,Kitchen,Breakfast,4,0
07/12/2011 11:22,07/12/2011 13:56,Seat,Pressure,Living,Spare_Time/TV,154,0
07/12/2011 14:03,07/12/2011 14:03,Cupboard,Magnetic,Kitchen,Lunch,0,0
07/12/2011 14:04,07/12/2011 14:22,Cooktop,PIR,Kitchen,Lunch,18,0
07/12/2011 14:14,07/12/2011 14:15,Fridge,Magnetic,Kitchen,Lunch,1,0
07/12/2011 14:27,07/12/2011 14:27,Fridge,Magnetic,Kitchen,Lunch,0,0
07/12/2011 14:41,07/12/2011 15:28,Seat,Pressure,Living,Spare_Time/TV,47,0
07/12/2011 15:31,07/12/2011 15:31,Basin,PIR,Bathroom,Toileting,0,0
07/12/2011 15:31,07/12/2011 15:32,Toilet,Flush,Bathroom,Toileting,1,0
07/12/2011 15:32,07/12/2011 16:11,Seat,Pressure,Living,Spare_Time/TV,39,0
07/12/2011 16:15,07/12/2011 16:21,Basin,PIR,Bathroom,Grooming,6,0
07/12/2011 16:25,07/12/2011 16:25,Maindoor,Magnetic,Entrance,Leaving,0,0
07/12/2011 18:12,07/12/2011 18:12,Maindoor,Magnetic,Entrance,Leaving,0,0
07/12/2011 18:14,07/12/2011 18:14,Basin,PIR,Bathroom,Grooming,0,0
07/12/2011 18:15,07/12/2011 18:15,Toilet,Flush,Bathroom,Toileting,0,0
07/12/2011 18:15,07/12/2011 19:21,Seat,Pressure,Living,Spare_Time/TV,66,0
07/12/2011 19:23,07/12/2011 19:23,Maindoor,Magnetic,Entrance,Leaving,0,0
07/12/2011 19:23,07/12/2011 19:24,Fridge,Magnetic,Kitchen,Dinner,1,0
07/12/2011 19:25,07/12/2011 19:28,Fridge,Magnetic,Kitchen,Dinner,3,0
07/12/2011 20:37,07/12/2011 20:37,Cupboard,Magnetic,Kitchen,Dinner,0,0
07/12/2011 20:38,07/12/2011 20:38,Fridge,Magnetic,Kitchen,Dinner,0,0
07/12/2011 20:39,07/12/2011 20:39,Toilet,Flush,Bathroom,Toileting,0,0
07/12/2011 20:45,08/12/2011 01:32,Seat,Pressure,Living,Spare_Time/TV,287,0
08/12/2011 01:39,08/12/2011 11:14,Bed,Pressure,Bedroom,Sleeping,575,0
08/12/2011 11:17,08/12/2011 11:18,Toilet,Flush,Bathroom,Toileting,1,0
08/12/2011 11:18,08/12/2011 11:18,Cabinet,Magnetic,Bathroom,Grooming,0,0
08/12/2011 11:18,08/12/2011 11:18,Basin,PIR,Bathroom,Grooming,0,0
08/12/2011 11:19,08/12/2011 11:24,Shower,PIR,Bathroom,Showering,5,0
08/12/2011 11:25,08/12/2011 11:28,Toaster,Electric,Kitchen,Breakfast,3,0
08/12/2011 11:25,08/12/2011 11:25,Cupboard,Magnetic,Kitchen,Breakfast,0,0
08/12/2011 11:26,08/12/2011 11:26,Fridge,Magnetic,Kitchen,Breakfast,0,0
08/12/2011 11:26,08/12/2011 11:28,Cooktop,PIR,Kitchen,Breakfast,2,0
08/12/2011 11:26,08/12/2011 11:28,Microwave,Electric,Kitchen,Breakfast,2,0
08/12/2011 11:36,08/12/2011 13:41,Seat,Pressure,Living,Spare_Time/TV,125,0
08/12/2011 14:04,08/12/2011 14:05,Basin,PIR,Bathroom,Grooming,1,0
08/12/2011 14:10,08/12/2011 14:10,Maindoor,Magnetic,Entrance,Leaving,0,0
08/12/2011 16:21,08/12/2011 16:21,Maindoor,Magnetic,Entrance,Leaving,0,0
08/12/2011 16:24,08/12/2011 18:47,Seat,Pressure,Living,Spare_Time/TV,143,0
08/12/2011 18:50,08/12/2011 19:10,Cooktop,PIR,Kitchen,Dinner,20,0
08/12/2011 19:12,08/12/2011 22:10,Seat,Pressure,Living,Spare_Time/TV,178,0
08/12/2011 22:13,08/12/2011 22:13,Basin,PIR,Bathroom,Grooming,0,0
08/12/2011 22:14,08/12/2011 23:12,Seat,Pressure,Living,Spare_Time/TV,58,0
08/12/2011 23:14,08/12/2011 23:14,Basin,PIR,Bathroom,Grooming,0,0
08/12/2011 23:14,09/12/2011 01:03,Seat,Pressure,Living,Spare_Time/TV,109,0
09/12/2011 01:16,09/12/2011 10:49,Bed,Pressure,Bedroom,Sleeping,573,0
09/12/2011 10:51,09/12/2011 10:52,Toilet,Flush,Bathroom,Toileting,1,0
09/12/2011 10:52,09/12/2011 10:52,Cabinet,Magnetic,Bathroom,Grooming,0,0
09/12/2011 10:52,09/12/2011 10:52,Basin,PIR,Bathroom,Grooming,0,0
09/12/2011 10:54,09/12/2011 10:58,Shower,PIR,Bathroom,Showering,4,0
09/12/2011 11:00,09/12/2011 11:02,Toaster,Electric,Kitchen,Breakfast,2,0
09/12/2011 11:00,09/12/2011 11:00,Cupboard,Magnetic,Kitchen,Breakfast,0,0
09/12/2011 11:00,09/12/2011 11:01,Fridge,Magnetic,Kitchen,Breakfast,1,0
09/12/2011 11:01,09/12/2011 11:01,Cooktop,PIR,Kitchen,Breakfast,0,0
09/12/2011 11:01,09/12/2011 11:03,Microwave,Electric,Kitchen,Breakfast,2,0
09/12/2011 11:09,09/12/2011 12:32,Seat,Pressure,Living,Spare_Time/TV,83,0
09/12/2011 12:33,09/12/2011 12:42,Basin,PIR,Kitchen,Grooming,9,0
09/12/2011 12:44,09/12/2011 12:44,Maindoor,Magnetic,Entrance,Leaving,0,0
09/12/2011 16:33,09/12/2011 16:33,Maindoor,Magnetic,Entrance,Leaving,0,0
09/12/2011 16:45,09/12/2011 16:59,Seat,Pressure,Living,Spare_Time/TV,14,0
09/12/2011 17:04,09/12/2011 17:05,Toilet,Flush,Bathroom,Toileting,1,0
09/12/2011 17:06,09/12/2011 17:59,Seat,Pressure,Living,Toileting,53,0
09/12/2011 17:59,09/12/2011 17:59,Basin,PIR,Bathroom,Grooming,0,0
09/12/2011 18:32,09/12/2011 18:32,Maindoor,Magnetic,Entrance,Leaving,0,0
09/12/2011 18:48,09/12/2011 18:48,Maindoor,Magnetic,Entrance,Leaving,0,0
09/12/2011 19:19,09/12/2011 21:04,Seat,Pressure,Living,Spare_Time/TV,105,0
09/12/2011 21:04,09/12/2011 21:04,Basin,PIR,Bathroom,Grooming,0,0
10/12/2011 00:16,10/12/2011 00:16,Basin,PIR,Bathroom,Grooming,0,0
10/12/2011 00:17,10/12/2011 00:46,Seat,Pressure,Living,Spare_Time/TV,29,0
10/12/2011 00:50,10/12/2011 09:26,Bed,Pressure,Bedroom,Sleeping,516,0
10/12/2011 09:35,10/12/2011 09:36,Toilet,Flush,Bathroom,Toileting,1,0
10/12/2011 09:37,10/12/2011 09:37,Cabinet,Magnetic,Bathroom,Grooming,0,0
10/12/2011 09:37,10/12/2011 09:45,Basin,PIR,Bathroom,Grooming,8,0
10/12/2011 09:46,10/12/2011 09:46,Cabinet,Magnetic,Bathroom,Grooming,0,0
10/12/2011 09:46,10/12/2011 09:46,Basin,PIR,Bathroom,Grooming,0,0
10/12/2011 09:55,10/12/2011 09:55,Cupboard,Magnetic,Kitchen,Breakfast,0,0
10/12/2011 09:55,10/12/2011 09:59,Toaster,Electric,Kitchen,Breakfast,4,0
10/12/2011 09:56,10/12/2011 09:56,Cupboard,Magnetic,Kitchen,Breakfast,0,0
10/12/2011 09:56,10/12/2011 09:56,Fridge,Magnetic,Kitchen,Breakfast,0,0
10/12/2011 09:56,10/12/2011 09:58,Microwave,Electric,Kitchen,Breakfast,2,0
10/12/2011 09:58,10/12/2011 09:58,Cooktop,PIR,Kitchen,Breakfast,0,0
10/12/2011 10:03,10/12/2011 12:34,Seat,Pressure,Living,Spare_Time/TV,151,0
10/12/2011 12:52,10/12/2011 12:53,Basin,PIR,Bathroom,Grooming,1,0
10/12/2011 13:04,10/12/2011 13:04,Maindoor,Magnetic,Entrance,Leaving,0,0
10/12/2011 17:06,10/12/2011 17:07,Maindoor,Magnetic,Entrance,Leaving,1,0
10/12/2011 17:10,10/12/2011 17:10,Cupboard,Magnetic,Kitchen,Lunch,0,0
10/12/2011 17:10,10/12/2011 17:10,Fridge,Magnetic,Kitchen,Lunch,0,0
10/12/2011 17:13,10/12/2011 20:16,Seat,Pressure,Living,Spare_Time/TV,183,0
10/12/2011 20:18,10/12/2011 20:20,Cupboard,Magnetic,Kitchen,Snack,2,0
10/12/2011 20:21,10/12/2011 20:23,Basin,PIR,Bathroom,Grooming,2,0
10/12/2011 20:25,10/12/2011 20:25,Maindoor,Magnetic,Entrance,Leaving,0,0
11/12/2011 00:56,11/12/2011 00:56,Maindoor,Magnetic,Entrance,Leaving,0,0
11/12/2011 01:01,11/12/2011 02:26,Seat,Pressure,Living,Spare_Time/TV,85,0
11/12/2011 02:28,11/12/2011 10:58,Bed,Pressure,Bedroom,Sleeping,510,0
11/12/2011 12:01,11/12/2011 12:01,Toilet,Flush,Bathroom,Toileting,0,0
11/12/2011 12:02,11/12/2011 12:02,Basin,PIR,Bathroom,Grooming,0,0
11/12/2011 12:02,11/12/2011 12:18,Shower,PIR,Bathroom,Showering,16,0
11/12/2011 12:21,11/12/2011 12:25,Toaster,Electric,Kitchen,Breakfast,4,0
11/12/2011 12:22,11/12/2011 12:22,Cupboard,Magnetic,Kitchen,Breakfast,0,0
11/12/2011 12:23,11/12/2011 12:25,Microwave,Electric,Kitchen,Breakfast,2,0
11/12/2011 12:32,11/12/2011 14:26,Seat,Pressure,Living,Spare_Time/TV,114,0
11/12/2011 14:34,11/12/2011 14:34,Cupboard,Magnetic,Kitchen,Lunch,0,0
11/12/2011 14:36,11/12/2011 15:00,Cooktop,PIR,Kitchen,Lunch,24,0
11/12/2011 14:37,11/12/2011 14:37,Fridge,Magnetic,Kitchen,Lunch,0,0
11/12/2011 14:43,11/12/2011 14:44,Cupboard,Magnetic,Kitchen,Lunch,1,0
11/12/2011 14:49,11/12/2011 14:50,Cupboard,Magnetic,Kitchen,Lunch,1,0
11/12/2011 15:13,11/12/2011 15:13,Fridge,Magnetic,Kitchen,Lunch,0,0
11/12/2011 15:29,11/12/2011 15:30,Toilet,Flush,Bathroom,Toileting,1,0
11/12/2011 15:41,11/12/2011 15:43,Basin,PIR,Bathroom,Grooming,2,0
11/12/2011 15:43,11/12/2011 19:22,Seat,Pressure,Living,Spare_Time/TV,219,0
11/12/2011 19:30,11/12/2011 19:33,Toilet,Flush,Bathroom,Toileting,3,0
11/12/2011 19:35,12/12/2011 00:29,Seat,Pressure,Living,Spare_Time/TV,294,0
12/12/2011 00:31,12/12/2011 10:20,Bed,Pressure,Bedroom,Sleeping,589,0
12/12/2011 10:21,12/12/2011 10:23,Cabinet,Magnetic,Bathroom,Grooming,2,0
12/12/2011 10:25,12/12/2011 10:27,Toilet,Flush,Bathroom,Toileting,2,0
12/12/2011 10:29,12/12/2011 10:34,Shower,PIR,Bathroom,Showering,5,0
12/12/2011 10:35,12/12/2011 10:36,Fridge,Magnetic,Kitchen,Breakfast,1,0
12/12/2011 10:43,12/12/2011 10:45,Cooktop,PIR,Kitchen,Breakfast,2,0
12/12/2011 10:56,12/12/2011 10:58,Basin,PIR,Bathroom,Grooming,2,0
12/12/2011 11:42,12/12/2011 11:45,Fridge,Magnetic,Kitchen,Breakfast,3,0
12/12/2011 12:47,12/12/2011 16:23,Seat,Pressure,Living,Spare_Time/TV,216,0
12/12/2011 16:25,12/12/2011 16:27,Toilet,Flush,Bathroom,Toileting,2,0
12/12/2011 16:30,12/12/2011 16:35,Cooktop,PIR,Kitchen,Lunch,5,0
12/12/2011 16:36,12/12/2011 16:36,Fridge,Magnetic,Kitchen,Lunch,0,0
12/12/2011 16:37,12/12/2011 16:38,Basin,PIR,Bathroom,Grooming,1,0
12/12/2011 16:40,12/12/2011 16:43,Seat,Pressure,Living,Spare_Time/TV,3,0
12/12/2011 16:45,12/12/2011 16:46,Basin,PIR,Bathroom,Grooming,1,0
12/12/2011 16:48,12/12/2011 19:50,Seat,Pressure,Living,Spare_Time/TV,182,0
12/12/2011 19:52,12/12/2011 20:10,Cooktop,PIR,Kitchen,Dinner,18,0
12/12/2011 20:15,12/12/2011 21:23,Seat,Pressure,Living,Spare_Time/TV,68,0
12/12/2011 21:25,12/12/2011 21:27,Toilet,Flush,Bathroom,Toileting,2,0
12/12/2011 21:30,13/12/2011 00:01,Seat,Pressure,Living,Spare_Time/TV,151,0
13/12/2011 00:03,13/12/2011 00:08,Fridge,Magnetic,Kitchen,Snack,5,0
13/12/2011 00:15,13/12/2011 02:15,Seat,Pressure,Living,Spare_Time/TV,120,0
13/12/2011 02:20,13/12/2011 12:15,Bed,Pressure,Bedroom,Sleeping,595,0
13/12/2011 12:20,13/12/2011 12:21,Toilet,Flush,Bathroom,Toileting,1,0
13/12/2011 12:20,13/12/2011 12:20,Basin,PIR,Bathroom,Grooming,0,0
13/12/2011 12:27,13/12/2011 12:28,Cupboard,Magnetic,Kitchen,Breakfast,1,0
13/12/2011 12:28,13/12/2011 12:29,Fridge,Magnetic,Kitchen,Breakfast,1,0
13/12/2011 12:29,13/12/2011 12:31,Toilet,Flush,Bathroom,Toileting,2,0
13/12/2011 12:37,13/12/2011 14:46,Seat,Pressure,Living,Spare_Time/TV,129,0
13/12/2011 14:46,13/12/2011 14:47,Fridge,Magnetic,Kitchen,Lunch,1,0
13/12/2011 14:47,13/12/2011 15:30,Cooktop,PIR,Kitchen,Lunch,43,0
13/12/2011 14:56,13/12/2011 14:56,Fridge,Magnetic,Kitchen,Lunch,0,0
13/12/2011 14:59,13/12/2011 14:59,Fridge,Magnetic,Kitchen,Lunch,0,0
13/12/2011 15:24,13/12/2011 16:45,Seat,Pressure,Living,Spare_Time/TV,81,0
13/12/2011 16:47,13/12/2011 16:47,Toilet,Flush,Bathroom,Toileting,0,0
13/12/2011 16:47,13/12/2011 19:39,Seat,Pressure,Living,Spare_Time/TV,172,0
13/12/2011 19:40,13/12/2011 19:40,Fridge,Magnetic,Kitchen,Snack,0,0
13/12/2011 19:41,13/12/2011 21:26,Seat,Pressure,Living,Spare_Time/TV,105,0
13/12/2011 21:44,13/12/2011 21:55,Cooktop,PIR,Kitchen,Dinner,11,0
13/12/2011 21:57,14/12/2011 01:41,Seat,Pressure,Living,Spare_Time/TV,224,0
14/12/2011 01:43,14/12/2011 10:36,Bed,Pressure,Bedroom,Sleeping,533,0
14/12/2011 10:37,14/12/2011 11:06,Shower,PIR,Bathroom,Showering,29,0
14/12/2011 11:09,14/12/2011 11:12,Basin,PIR,Bathroom,Grooming,3,0
14/12/2011 11:15,14/12/2011 11:17,Toilet,Flush,Bathroom,Toileting,2,0
14/12/2011 12:09,14/12/2011 12:09,Fridge,Magnetic,Kitchen,Snack,0,0
14/12/2011 12:09,14/12/2011 12:10,Maindoor,Magnetic,Entrance,Leaving,1,0
14/12/2011 12:10,14/12/2011 12:11,Maindoor,Magnetic,Entrance,Leaving,1,0
14/12/2011 12:09,14/12/2011 12:15,Basin,PIR,Bathroom,Grooming,6,0
14/12/2011 12:17,14/12/2011 12:56,Cooktop,PIR,Kitchen,Lunch,39,0
14/12/2011 12:56,14/12/2011 12:56,Fridge,Magnetic,Kitchen,Lunch,0,0
14/12/2011 12:57,14/12/2011 13:51,Fridge,Magnetic,Kitchen,Lunch,54,0
14/12/2011 13:52,14/12/2011 16:52,Seat,Pressure,Living,Spare_Time/TV,180,0
14/12/2011 18:55,14/12/2011 18:55,Maindoor,Magnetic,Entrance,Leaving,0,0
14/12/2011 19:04,14/12/2011 19:04,Maindoor,Magnetic,Entrance,Leaving,0,0
14/12/2011 19:20,14/12/2011 19:23,Fridge,Magnetic,Kitchen,Dinner,3,0
14/12/2011 19:25,14/12/2011 19:38,Cooktop,PIR,Kitchen,Dinner,13,0
14/12/2011 19:48,14/12/2011 20:19,Seat,Pressure,Living,Spare_Time/TV,31,0
14/12/2011 20:25,14/12/2011 20:34,Toilet,Flush,Bathroom,Toileting,9,0
14/12/2011 20:36,14/12/2011 22:22,Seat,Pressure,Living,Spare_Time/TV,106,0
14/12/2011 22:23,14/12/2011 22:25,Toilet,Flush,Bathroom,Toileting,2,0
14/12/2011 20:30,14/12/2011 20:34,Bed,Pressure,Bedroom,Sleeping,4,0
14/12/2011 20:35,14/12/2011 20:37,Fridge,Magnetic,Kitchen,Snack,2,0
14/12/2011 20:40,14/12/2011 23:40,Seat,Pressure,Living,Spare_Time/TV,180,0
14/12/2011 23:42,15/12/2011 10:32,Bed,Pressure,Bedroom,Sleeping,640,0
15/12/2011 10:37,15/12/2011 10:37,Toilet,Flush,Bathroom,Toileting,0,0
15/12/2011 10:38,15/12/2011 10:38,Basin,PIR,Bathroom,Grooming,0,0
15/12/2011 10:39,15/12/2011 10:53,Toilet,Flush,Bathroom,Grooming,14,0
15/12/2011 10:53,15/12/2011 10:59,Shower,PIR,Bathroom,Showering,6,0
15/12/2011 11:01,15/12/2011 11:01,Microwave,Electric,Kitchen,Snack,0,0
15/12/2011 11:02,15/12/2011 11:02,Cooktop,PIR,Kitchen,Snack,0,0
15/12/2011 11:06,15/12/2011 12:18,Seat,Pressure,Living,Spare_Time/TV,72,0
15/12/2011 12:21,15/12/2011 12:42,Cooktop,PIR,Kitchen,Breakfast,21,0
15/12/2011 12:45,15/12/2011 12:45,Maindoor,Magnetic,Entrance,Leaving,0,0
15/12/2011 19:36,15/12/2011 19:37,Maindoor,Magnetic,Entrance,Leaving,1,0
15/12/2011 19:39,15/12/2011 19:52,Cooktop,PIR,Kitchen,Snack,13,0
15/12/2011 19:53,15/12/2011 19:53,Basin,PIR,Bathroom,Grooming,0,0
15/12/2011 19:54,15/12/2011 20:54,Bed,Pressure,Bedroom,Sleeping,60,0
15/12/2011 20:55,15/12/2011 21:32,Seat,Pressure,Living,Spare_Time/TV,37,0
15/12/2011 21:35,15/12/2011 21:42,Cooktop,PIR,Kitchen,Dinner,7,0
15/12/2011 21:45,15/12/2011 21:45,Microwave,Electric,Kitchen,Dinner,0,0
15/12/2011 21:48,15/12/2011 22:13,Basin,PIR,Bathroom,Grooming,25,0
15/12/2011 22:14,15/12/2011 23:54,Seat,Pressure,Bedroom,Sleeping,100,0
15/12/2011 23:59,16/12/2011 00:05,Toilet,Flush,Bathroom,Toileting,6,0
16/12/2011 00:06,16/12/2011 09:06,Bed,Pressure,Bedroom,Sleeping,540,0
16/12/2011 09:08,16/12/2011 09:15,Shower,PIR,Bathroom,Showering,7,0
16/12/2011 09:18,16/12/2011 09:28,Toilet,Flush,Bathroom,Toileting,10,0
16/12/2011 10:38,16/12/2011 10:38,Maindoor,Magnetic,Entrance,Leaving,0,0
16/12/2011 13:59,16/12/2011 13:59,Maindoor,Magnetic,Entrance,Leaving,0,0
16/12/2011 14:08,16/12/2011 14:52,Shower,PIR,Bathroom,Showering,44,0
16/12/2011 13:54,16/12/2011 14:05,Cooktop,PIR,Kitchen,Lunch,11,0
16/12/2011 14:11,16/12/2011 14:11,Cabinet,Magnetic,Bathroom,Grooming,0,0
16/12/2011 14:13,16/12/2011 16:07,Seat,Pressure,Living,Spare_Time/TV,114,0
16/12/2011 16:12,16/12/2011 16:25,Toilet,Flush,Bathroom,Toileting,13,0
16/12/2011 16:27,16/12/2011 18:04,Seat,Pressure,Living,Spare_Time/TV,97,0
16/12/2011 18:07,16/12/2011 18:08,Maindoor,Magnetic,Entrance,Leaving,1,0
16/12/2011 20:17,16/12/2011 20:17,Maindoor,Magnetic,Entrance,Leaving,0,0
16/12/2011 20:19,16/12/2011 20:19,Basin,PIR,Bathroom,Grooming,0,0
16/12/2011 20:25,16/12/2011 20:34,Shower,PIR,Bathroom,Showering,9,0
16/12/2011 20:37,16/12/2011 20:44,Bed,Pressure,Bedroom,Sleeping,7,0
16/12/2011 20:54,16/12/2011 22:02,Seat,Pressure,Living,Spare_Time/TV,68,0
16/12/2011 22:06,16/12/2011 22:45,Bed,Pressure,Bathroom,Sleeping,39,0
16/12/2011 22:48,16/12/2011 22:55,Microwave,Electric,Kitchen,Dinner,7,0
16/12/2011 23:14,16/12/2011 23:15,Cupboard,Magnetic,Kitchen,Dinner,1,0
16/12/2011 22:18,16/12/2011 22:20,Microwave,Electric,Kitchen,Dinner,2,0
16/12/2011 22:41,16/12/2011 22:42,Cupboard,Magnetic,Kitchen,Dinner,1,0
16/12/2011 22:45,17/12/2011 01:00,Seat,Pressure,Living,Spare_Time/TV,163,0
17/12/2011 01:10,17/12/2011 10:00,Bed,Pressure,Bedroom,Sleeping,530,0
17/12/2011 10:02,17/12/2011 10:03,Basin,PIR,Bathroom,Grooming,1,0
17/12/2011 10:04,17/12/2011 10:05,Cabinet,Magnetic,Bathroom,Grooming,1,0
17/12/2011 10:05,17/12/2011 10:10,Toilet,Flush,Bathroom,Toileting,5,0
17/12/2011 10:13,17/12/2011 10:13,Cupboard,Magnetic,Kitchen,Breakfast,0,0
17/12/2011 10:19,17/12/2011 10:22,Microwave,Electric,Living,Breakfast,3,0
17/12/2011 10:30,17/12/2011 15:55,Seat,Pressure,Living,Spare_Time/TV,325,0
17/12/2011 15:58,17/12/2011 15:59,Cupboard,Magnetic,Kitchen,Lunch,1,0
17/12/2011 16:07,17/12/2011 16:30,Cooktop,PIR,Kitchen,Lunch,23,0
17/12/2011 16:35,17/12/2011 16:36,Fridge,Magnetic,Kitchen,Lunch,1,0
17/12/2011 16:38,17/12/2011 16:55,Cooktop,PIR,Kitchen,Lunch,17,0
17/12/2011 17:02,17/12/2011 17:02,Maindoor,Magnetic,Entrance,Leaving,0,0
17/12/2011 20:31,17/12/2011 20:31,Maindoor,Magnetic,Entrance,Leaving,0,0
17/12/2011 20:33,17/12/2011 20:35,Toilet,Flush,Bathroom,Toileting,2,0
17/12/2011 20:37,17/12/2011 20:37,Maindoor,Magnetic,Entrance,Leaving,0,0
17/12/2011 22:19,17/12/2011 22:19,Maindoor,Magnetic,Entrance,Leaving,0,0
17/12/2011 23:21,17/12/2011 23:31,Toilet,Flush,Bathroom,Toileting,10,0
17/12/2011 23:21,17/12/2011 23:41,Shower,PIR,Bathroom,Showering,20,0
17/12/2011 23:45,18/12/2011 09:11,Bed,Pressure,Bedroom,Sleeping,566,0
18/12/2011 10:12,18/12/2011 10:12,Toilet,Flush,Bathroom,Toileting,0,0
18/12/2011 10:18,18/12/2011 10:19,Maindoor,Magnetic,Entrance,Leaving,1,0
18/12/2011 11:02,18/12/2011 11:02,Maindoor,Magnetic,Entrance,Leaving,0,0
18/12/2011 11:05,18/12/2011 11:06,Cupboard,Magnetic,Kitchen,Breakfast,1,0
18/12/2011 11:07,18/12/2011 11:07,Fridge,Magnetic,Kitchen,Breakfast,0,0
18/12/2011 11:12,18/12/2011 11:15,Toaster,Electric,Kitchen,Breakfast,3,0
18/12/2011 11:17,18/12/2011 11:18,Cupboard,Magnetic,Kitchen,Breakfast,1,0
18/12/2011 11:20,18/12/2011 11:45,Cooktop,PIR,Kitchen,Breakfast,25,0
18/12/2011 11:47,18/12/2011 14:47,Seat,Pressure,Living,Spare_Time/TV,180,0
18/12/2011 14:50,18/12/2011 14:52,Cabinet,Magnetic,Bathroom,Grooming,2,0
18/12/2011 14:54,18/12/2011 15:34,Seat,Pressure,Living,Spare_Time/TV,40,0
18/12/2011 15:36,18/12/2011 15:38,Toilet,Flush,Bathroom,Toileting,2,0
18/12/2011 15:41,18/12/2011 16:11,Cooktop,PIR,Kitchen,Lunch,30,0
18/12/2011 16:13,18/12/2011 17:43,Bed,Pressure,Bedroom,Sleeping,90,0
18/12/2011 17:44,18/12/2011 17:54,Shower,PIR,Bathroom,Showering,10,0
18/12/2011 17:57,18/12/2011 20:46,Seat,Pressure,Living,Spare_Time/TV,169,0
18/12/2011 20:47,18/12/2011 20:49,Toaster,Electric,Kitchen,Snack,2,0
18/12/2011 20:50,18/12/2011 20:54,Fridge,Magnetic,Kitchen,Dinner,4,0
18/12/2011 20:50,18/12/2011 21:25,Cooktop,PIR,Kitchen,Dinner,35,0
18/12/2011 21:27,18/12/2011 21:35,Microwave,Electric,Kitchen,Dinner,8,0
18/12/2011 21:40,18/12/2011 22:10,Cooktop,PIR,Kitchen,Dinner,30,0
18/12/2011 22:20,19/12/2011 07:14,Bed,Pressure,Bedroom,Sleeping,534,0
19/12/2011 07:20,19/12/2011 09:15,Seat,Pressure,Living,Spare_Time/TV,115,0
19/12/2011 09:16,19/12/2011 09:16,Basin,PIR,Bathroom,Grooming,0,0
19/12/2011 09:23,19/12/2011 09:25,Seat,Pressure,Living,Spare_Time/TV,2,0
19/12/2011 09:26,19/12/2011 09:26,Microwave,Electric,Kitchen,Breakfast,0,0
19/12/2011 09:32,19/12/2011 10:15,Cupboard,Magnetic,Kitchen,Breakfast,43,0
19/12/2011 10:18,19/12/2011 10:31,Toilet,Flush,Bathroom,Toileting,13,0
19/12/2011 10:34,19/12/2011 13:05,Seat,Pressure,Living,Spare_Time/TV,151,0
19/12/2011 13:10,19/12/2011 13:11,Maindoor,Magnetic,Entrance,Leaving,1,0
19/12/2011 14:28,19/12/2011 14:28,Maindoor,Magnetic,Entrance,Leaving,0,0
19/12/2011 14:33,19/12/2011 15:33,Seat,Pressure,Living,Spare_Time/TV,60,0
19/12/2011 15:35,19/12/2011 15:45,Cooktop,PIR,Kitchen,Lunch,10,0
19/12/2011 15:45,19/12/2011 18:49,Seat,Pressure,Living,Spare_Time/TV,184,0
19/12/2011 18:47,19/12/2011 18:49,Basin,PIR,Bathroom,Grooming,2,0
19/12/2011 18:50,19/12/2011 18:56,Toilet,Flush,Bathroom,Toileting,6,0
19/12/2011 18:58,19/12/2011 21:02,Seat,Pressure,Living,Spare_Time/TV,124,0
19/12/2011 21:04,19/12/2011 21:05,Basin,PIR,Bathroom,Grooming,1,0
19/12/2011 21:17,19/12/2011 21:23,Toilet,Flush,Bathroom,Toileting,6,0
19/12/2011 21:26,19/12/2011 21:28,Basin,PIR,Bathroom,Grooming,2,0
19/12/2011 21:30,19/12/2011 23:18,Seat,Pressure,Living,Spare_Time/TV,108,0
19/12/2011 23:21,19/12/2011 23:27,Toilet,Flush,Bathroom,Toileting,6,0
19/12/2011 23:29,19/12/2011 23:31,Basin,PIR,Bathroom,Toileting,2,0
19/12/2011 23:44,19/12/2011 23:55,Toilet,Flush,Bathroom,Toileting,11,0
20/12/2011 23:57,20/12/2011 07:32,Bed,Pressure,Bedroom,Sleeping,455,0
20/12/2011 07:35,20/12/2011 07:42,Fridge,Magnetic,Kitchen,Snack,7,0
20/12/2011 07:45,20/12/2011 12:15,Bed,Pressure,Bedroom,Sleeping,270,0
20/12/2011 12:20,20/12/2011 12:20,Toilet,Flush,Bathroom,Toileting,0,0
20/12/2011 12:21,20/12/2011 12:21,Cabinet,Magnetic,Bathroom,Grooming,0,0
20/12/2011 12:21,20/12/2011 12:25,Basin,PIR,Bathroom,Grooming,4,0
20/12/2011 12:28,20/12/2011 12:39,Shower,PIR,Bathroom,Showering,11,0
20/12/2011 12:42,20/12/2011 12:44,Toaster,Electric,Kitchen,Breakfast,2,0
20/12/2011 14:46,20/12/2011 14:47,Microwave,Electric,Kitchen,Snack,1,0
20/12/2011 14:47,20/12/2011 15:05,Seat,Pressure,Living,Spare_Time/TV,18,0
20/12/2011 15:10,20/12/2011 15:55,Cooktop,PIR,Kitchen,Lunch,45,0
20/12/2011 15:56,20/12/2011 17:57,Seat,Pressure,Living,Spare_Time/TV,121,0
20/12/2011 15:57,20/12/2011 15:59,Basin,PIR,Bathroom,Grooming,2,0
20/12/2011 15:59,20/12/2011 19:39,Seat,Pressure,Living,Spare_Time/TV,220,0
20/12/2011 19:40,20/12/2011 19:40,Basin,PIR,Bathroom,Grooming,0,0
20/12/2011 19:41,20/12/2011 19:42,Maindoor,Magnetic,Entrance,Leaving,1,0
20/12/2011 23:44,20/12/2011 23:45,Maindoor,Magnetic,Entrance,Leaving,1,0
20/12/2011 23:51,21/12/2011 02:16,Basin,PIR,Bathroom,Grooming,145,1
21/12/2011 02:20,21/12/2011 02:40,Bed,Pressure,Bedroom,Sleeping,20,0
21/12/2011 02:46,21/12/2011 04:35,Toilet,Flush,Bathroom,Toileting,109,1
21/12/2011 04:40,21/12/2011 05:30,Bed,Pressure,Bedroom,Sleeping,50,0
21/12/2011 05:35,21/12/2011 05:45,Toilet,Flush,Bathroom,Toileting,10,1
21/12/2011 05:46,21/12/2011 05:46,Basin,PIR,Bathroom,Toileting,0,1
21/12/2011 05:48,21/12/2011 06:10,Bed,Pressure,Bedroom,Sleeping,22,0
21/12/2011 06:16,21/12/2011 06:18,Toilet,Flush,Bathroom,Toileting,2,1
21/12/2011 06:19,21/12/2011 06:20,Bed,Pressure,Bedroom,Sleeping,1,0
21/12/2011 06:22,21/12/2011 06:35,Toilet,Flush,Bathroom,Toileting,13,1
21/12/2011 06:38,21/12/2011 06:39,Basin,PIR,Bathroom,Toileting,1,1
21/12/2011 06:42,21/12/2011 06:52,Bed,Pressure,Bedroom,Sleeping,10,0
21/12/2011 06:55,21/12/2011 07:27,Toilet,Flush,Bathroom,Toileting,32,1
21/12/2011 07:35,21/12/2011 08:19,Bed,Pressure,Bedroom,Sleeping,44,0
21/12/2011 08:25,21/12/2011 08:27,Toilet,Flush,Bathroom,Toileting,2,1
21/12/2011 08:30,21/12/2011 11:05,Bed,Pressure,Bedroom,Sleeping,155,0
21/12/2011 11:17,21/12/2011 11:19,Toaster,Electric,Kitchen,Breakfast,2,0
21/12/2011 11:17,21/12/2011 11:17,Maindoor,Magnetic,Entrance,Leaving,0,0
21/12/2011 14:38,21/12/2011 14:38,Maindoor,Magnetic,Entrance,Leaving,0,0
21/12/2011 14:08,21/12/2011 14:08,Basin,PIR,Bathroom,Grooming,0,0
21/12/2011 14:49,21/12/2011 14:49,Fridge,Magnetic,Kitchen,Lunch,0,0
21/12/2011 15:09,21/12/2011 16:26,Seat,Pressure,Living,Spare_Time/TV,77,0
21/12/2011 16:26,21/12/2011 16:27,Toilet,Flush,Bathroom,Toileting,1,0
21/12/2011 16:26,21/12/2011 17:27,Fridge,Magnetic,Kitchen,Lunch,0,0
21/12/2011 17:29,21/12/2011 17:29,Maindoor,Magnetic,Entrance,Leaving,0,0
21/12/2011 18:49,21/12/2011 18:49,Maindoor,Magnetic,Entrance,Leaving,0,0
21/12/2011 18:54,21/12/2011 18:59,Cooktop,PIR,Kitchen,Dinner,5,0
21/12/2011 19:00,21/12/2011 19:10,Seat,Pressure,Living,Spare_Time/TV,10,0
21/12/2011 19:28,21/12/2011 19:29,Toilet,Flush,Bathroom,Toileting,1,0
21/12/2011 19:29,21/12/2011 23:52,Seat,Pressure,Living,Spare_Time/TV,263,0
21/12/2011 23:53,21/12/2011 23:53,Basin,PIR,Bathroom,Grooming,0,0
21/12/2011 23:54,22/12/2011 01:18,Seat,Pressure,Living,Spare_Time/TV,84,0
22/12/2011 01:24,22/12/2011 02:42,Bed,Pressure,Bedroom,Sleeping,78,0
22/12/2011 02:51,22/12/2011 02:59,Fridge,Magnetic,Entrance,Leaving,8,1
22/12/2011 02:55,22/12/2011 03:30,Cooktop,PIR,Kitchen,Dinner,35,1
22/12/2011 03:35,22/12/2011 03:45,Cupboard,Magnetic,Kitchen,Dinner,10,1
22/12/2011 03:40,22/12/2011 03:45,Microwave ,Electric ,Kitchen,Dinner,5,1
22/12/2011 05:48,22/12/2011 06:10,Bed,Pressure,Bedroom,Sleeping,22,0
22/12/2011 06:16,22/12/2011 06:25,Cupboard,Magnetic,Kitchen,Snack,9,1
22/12/2011 06:30,22/12/2011 09:40,Bed,Pressure,Bedroom,Sleeping,190,0
22/12/2011 09:51,22/12/2011 09:55,Toilet,Flush,Bathroom,Toileting,4,0
22/12/2011 09:51,22/12/2011 09:55,Basin,PIR,Bathroom,Grooming ,4,0
22/12/2011 09:58,22/12/2011 14:12,Seat,Pressure,Living,Spare_Time/TV,244,0
22/12/2011 14:14,22/12/2011 14:15,Fridge,Magnetic,Kitchen,Lunch,1,0
22/12/2011 14:27,22/12/2011 14:27,Fridge,Magnetic,Kitchen,Lunch,0,0
22/12/2011 14:41,22/12/2011 15:28,Seat,Pressure,Living,Spare_Time/TV,47,0
22/12/2011 15:31,22/12/2011 15:31,Basin,PIR,Bathroom,Toileting,0,0
22/12/2011 15:31,22/12/2011 15:32,Toilet,Flush,Bathroom,Toileting,1,0
22/12/2011 15:32,22/12/2011 16:11,Seat,Pressure,Living,Spare_Time/TV,39,0
22/12/2011 16:15,22/12/2011 16:15,Maindoor,Magnetic,Entrance,Leaving,0,0
22/12/2011 18:12,22/12/2011 18:12,Maindoor,Magnetic,Entrance,Leaving,0,0
22/12/2011 18:14,22/12/2011 18:14,Basin,PIR,Bathroom,Grooming,0,0
22/12/2011 18:15,22/12/2011 18:15,Toilet,Flush,Bathroom,Toileting,0,0
22/12/2011 18:15,22/12/2011 19:21,Seat,Pressure,Living,Spare_Time/TV,66,0
22/12/2011 19:23,22/12/2011 19:23,Maindoor,Magnetic,Entrance,Leaving,0,0
22/12/2011 20:25,22/12/2011 20:25,Maindoor,Magnetic,Entrance,Leaving,0,0
22/12/2011 20:38,22/12/2011 20:38,Fridge,Magnetic,Kitchen,Dinner,0,0
22/12/2011 20:39,22/12/2011 20:39,Toilet,Flush,Bathroom,Toileting,0,0
22/12/2011 20:45,23/12/2011 01:32,Seat,Pressure,Living,Spare_Time/TV,287,0
23/12/2011 01:35,23/12/2011 01:37,Toilet,Flush,Bathroom,Toileting,2,0
23/12/2011 01:42,23/12/2011 08:37,Bed,Pressure,Bedroom,Sleeping,415,0
